,extraction,,system
0,Chilly Gonzales born Jason Charles Beck 20 March 1972 - is - a Grammy-winning Canadian musician,0,clausie
0,a Grammy-winning Canadian musician - resided - in Paris France for several years,0,clausie
0,a Grammy-winning Canadian musician - lives - in Cologne Germany now,0,clausie
0,a Grammy-winning Canadian musician - lives - in Cologne Germany,0,clausie
0,Chilly Gonzales - born - Jason Charles Beck,1,compactie
0,Jason Charles Beck - is - a Grammy - winning Canadian musician,0,compactie
0,a Grammy - winning Canadian musician - resided - in Paris,0,compactie
0,"a Grammy-winning Canadian musician - resided - in Paris, France for several years",0,imojie
0,"Chilly Gonzales (born Charles March - is - a Grammy-winning Canadian musician who resided in Paris, France for several years, and now lives in Cologne,",0,m2oie
0,"a Grammy-winning Canadian musician - resided - in Paris, France",0,m2oie
0,"a Grammy-winning Canadian musician - lives - in Cologne,",0,m2oie
0,Chilly Gonzales - is - Grammy-winning Canadian musician,0,minie
0,Grammy-winning Canadian musician - resided in Paris for - several years,0,minie
0,Grammy-winning Canadian musician - resided in - Paris,0,minie
0,Grammy-winning Canadian musician - lives in - Cologne,0,minie
0,Paris - is in - France,3,minie
0,Cologne - is in - Germany,4,minie
0,a Grammy-winning Canadian musician - resided - in Paris for several years,0,openie6
0,a Grammy-winning Canadian musician - lives - in Cologne now,0,openie6
0,Chilly Gonzales ( born Jason Charles Beck - is - a Grammy-winning Canadian,0,openie6
0,"Chilly Gonzales ( born Jason Beck - is - a Grammy-winning Canadian musician who resided in Paris , France for several years",0,openie6
0,"Chilly Gonzales - is - a Grammy-winning Canadian musician who lives in Cologne , Germany now",0,openie6
0,Chilly Gonzales - is - a Grammy-winning Canadian musician,0,reverb
0,a Grammy-winning Canadian musician - resided in - Paris,0,reverb
0,France - now lives in - Cologne,0,reverb
1,his - has - albums of classical piano compositions,0,clausie
1,his - has - MC,0,clausie
1,he - is - a producer Known for his albums of classical piano compositions with a pop music sensibility,0,clausie
1,he - is - a producer Known for his albums of classical piano compositions with Solo Piano I,0,clausie
1,he - is - a producer Known for his albums of classical piano compositions with Solo Piano II,0,clausie
1,he - is - a producer Known for his albums of classical piano compositions with his MC,0,clausie
1,he - is - a producer Known for his albums of classical piano compositions with electro albums,0,clausie
1,he - is - a songwriter Known for his albums of classical piano compositions with a pop music sensibility,0,clausie
1,he - is - a songwriter Known for his albums of classical piano compositions with Solo Piano I,0,clausie
1,he - is - a songwriter Known for his albums of classical piano compositions with Solo Piano II,0,clausie
1,he - is - a songwriter Known for his albums of classical piano compositions with his MC,0,clausie
1,he - is - a songwriter Known for his albums of classical piano compositions with electro albums,0,clausie
1,he - is - a producer also,0,clausie
1,he - is - a songwriter also,0,clausie
1,he - is - a producer,1,clausie
1,he - is - a songwriter,2,clausie
1,also a producer - be Known - for his albums of classical piano compositions with a pop music sensibility,0,clausie
1,also a producer - be Known - for his albums of classical piano compositions with Solo Piano I,0,clausie
1,also a producer - be Known - for his albums of classical piano compositions with Solo Piano II,0,clausie
1,also a producer - be Known - for his albums of classical piano compositions with his MC,0,clausie
1,also a producer - be Known - for his albums of classical piano compositions with electro albums,0,clausie
1,also a songwriter - be Known - for his albums of classical piano compositions with a pop music sensibility,0,clausie
1,also a songwriter - be Known - for his albums of classical piano compositions with Solo Piano I,0,clausie
1,also a songwriter - be Known - for his albums of classical piano compositions with Solo Piano II,0,clausie
1,also a songwriter - be Known - for his albums of classical piano compositions with his MC,0,clausie
1,also a songwriter - be Known - for his albums of classical piano compositions with electro albums,0,clausie
1,also a producer - be Known - for his albums of classical piano compositions,0,clausie
1,also a songwriter - be Known - for his albums of classical piano compositions,0,clausie
1,he - is also - a producer,1,compactie
1,he - is also - a songwriter,2,compactie
1,he - is also - a producer and songwriter,1,imojie
1,he - is also - a producer and,0,m2oie
1,his - has - albums of classical piano compositions with pop music sensibility,0,minie
1,his - has - MC,0,minie
1,he - is - producer MC,0,minie
1,he - is - producer electro albums,0,minie
1,he - is - songwriter MC,0,minie
1,he - is - songwriter electro albums,0,minie
1,he - is also - a producer,1,openie6
1,he - is also - a songwriter,2,openie6
1,he - is also - a producer and songwriter,1,reverb
2,Gonzales - broadcasts - a web series Pop Music Masterclass on WDR,0,clausie
2,Gonzales - broadcasts - the documentary Classical Connections on BBC Radio 1,0,clausie
2,Gonzales - broadcasts - The History of Music on Arte,9,clausie
2,Gonzales - broadcasts - Music 's Cool with Chilly Gonzales on Apple Music 's Beats1 radio show,11,clausie
2,Music - has - Cool with Chilly Gonzales on Apple Music 's Beats1 radio show,0,clausie
2,Apple Music - has - Beats1 radio show,13,clausie
2,Gonzales - broadcasts - a web series Pop Music Masterclass on WDR,0,compactie
2,Gonzales - broadcasts - the documentary Classical Connections on BBC Radio 1,0,compactie
2,Gonzales - broadcasts - The History of Music on Arte,9,compactie
2,Gonzales - broadcasts - Music 's Cool with Chilly Gonzales on Apple Music 's Beats 1 radio show,11,compactie
2,Gonzales - broadcasts - a web series,1,imojie
2,"Gonzales - broadcasts - a web series Pop Music Masterclass on WDR, the documentary Classical Connections on BBC Radio 1, The History of Music on Arte, and with",0,m2oie
2,Gonzales - broadcasts web series Pop Music Masterclass on - WDR,3,minie
2,web series Pop Music Masterclass on WDR - is - documentary,0,minie
2,Apple Music - has - Beats1 radio show,13,minie
2,Gonzales - broadcasts - a web series Pop Music Masterclass on WDR,0,openie6
2,a web series - Pop - Music Masterclass on WDR,0,openie6
2,Gonzales - broadcasts - the documentary Classical Connections on BBC Radio 1,0,openie6
2,Gonzales - broadcasts - Music 's Cool with Chilly Gonzales on Apple Music 's Beats1 radio show,11,openie6
2,Gonzales - broadcasts - The History of Music on Arte,9,openie6
3,He - has written - several newspaper in The Guardian,0,clausie
3,He - has written - several newspaper in Vice,0,clausie
3,He - has written - several newspaper in Billboard,0,clausie
3,He - has written - several newspaper in others,0,clausie
3,He - has written - magazine opinion pieces in The Guardian,0,clausie
3,He - has written - magazine opinion pieces in Vice,0,clausie
3,He - has written - magazine opinion pieces in Billboard,0,clausie
3,He - has written - magazine opinion pieces in others,0,clausie
3,He - has written - several newspaper,0,clausie
3,He - has written - magazine opinion pieces,5,clausie
3,He - has written - several newspaper opinion pieces in The Guardian,0,compactie
3,He - has written - several newspaper opinion pieces in Vice,0,compactie
3,He - has written - several newspaper opinion pieces in Billboard,0,compactie
3,He - has written - several newspaper opinion pieces in others,0,compactie
3,He - has written - several magazine opinion pieces in The Guardian,0,compactie
3,He - has written - several magazine opinion pieces in Vice,0,compactie
3,He - has written - several magazine opinion pieces in Billboard,0,compactie
3,He - has written - several magazine opinion pieces in others,0,compactie
3,"He - has written - several newspaper and magazine opinion pieces in The Guardian, Vice, Billboard, and others",0,imojie
3,"He - has written - several newspaper and magazine opinion pieces in The Guardian, Vice, Billboard, and",0,m2oie
3,He - has written several newspaper in - Guardian,0,minie
3,He - has written - magazine opinion pieces,5,minie
3,Guardian - is - Vice,0,minie
3,Guardian - is - Billboard,0,minie
3,Guardian - is - others,0,minie
3,He - has written - several newspaper opinion pieces in The Guardian,0,openie6
3,He - has written - several magazine opinion pieces in others,0,openie6
3,He - has written - several newspaper opinion pieces in others,0,openie6
3,He - has written - several magazine opinion pieces in Vice,0,openie6
3,He - has written - several newspaper opinion pieces in Vice,0,openie6
3,He - has written - several newspaper and magazine opinion pieces,0,reverb
4,He - is - the younger brother of the prolific film composer Christophe Beck,0,clausie
4,He - is - the younger brother,5,clausie
4,He - is - the younger brother of the prolific film composer Christophe Beck,0,compactie
4,He - is - the younger brother of the prolific film composer Christophe Beck,0,imojie
4,He - is the - younger brother of the prolific film composer Christophe,0,m2oie
4,Christophe Beck - is - prolific film composer,7,minie
4,He - is younger brother of - Christophe Beck,1,minie
4,He - is - younger brother,5,minie
4,He - is - the younger brother of the prolific film composer Christophe Beck,0,openie6
4,He - is the younger brother of - the prolific film composer Christophe Beck,1,reverb
5,Gonzales - was born - on 20 March 1972,0,clausie
5,Gonzales - was born - on 20,0,clausie
5,Gonzales - was born - on 20 March 1972,0,compactie
5,Gonzales - was born - on 20 March 1972,0,imojie
5,Gonzales - was born - on 20 March,0,m2oie
5,Gonzales - was born on - 20 March 1972,1,minie
5,Gonzales - was born - on 20 March 1972,0,openie6
5,Gonzales - was born on - 20 March 1972,1,reverb
6,His - has - parents,6,clausie
6,His parents - are - Ashkenazi Jews,1,clausie
6,Ashkenazi Jews - had - to flee from Hungary during World War II,0,clausie
6,Ashkenazi Jews - had - to flee from Hungary,0,clausie
6,His parents - are had - to flee from Hungary during World War II,0,compactie
6,His parents - are - Ashkenazi Jews,1,imojie
6,Ashkenazi Jews - to flee - from Hungary during World War II,0,imojie
6,His parents - are - Ashkenazi Jews who had to flee from Hungary during World War,0,m2oie
6,Ashkenazi Jews - had to flee - from Hungary,0,m2oie
6,His - has - parents,6,minie
6,parents - are - Ashkenazi Jews,0,minie
6,Ashkenazi Jews - had to flee from Hungary during - World War II,0,minie
6,Ashkenazi Jews - had to flee from - Hungary,0,minie
6,Ashkenazi Jews - to flee - from Hungary during World War II,0,openie6
6,His parents - are - Ashkenazi Jews,1,openie6
6,His parents - are - Ashkenazi Jews,1,reverb
6,Ashkenazi Jews - had to flee from - Hungary,0,reverb
7,Gonzales - began - teaching himself piano at age three when his older brother Chris began taking lessons,0,clausie
7,Gonzales - began - teaching himself piano at age three,0,clausie
7,himself - piano - at age three,0,clausie
7,his - has - older brother Chris,0,clausie
7,his older brother Chris - began - taking lessons when,0,clausie
7,his older brother Chris - began - taking lessons,4,clausie
7,his - began - lessons,0,compactie
7,Gonzales - began teaching - himself piano at age three,1,compactie
7,Gonzales - began - teaching himself piano at age three,0,imojie
7,his older brother - began - taking lessons,0,imojie
7,Gonzales - began teaching - himself,1,m2oie
7,Chris - is - older brother,10,minie
7,his - has - older brother,0,minie
7,his older brother - began - taking lessons,0,openie6
7,Gonzales - began teaching - himself piano at age three,1,openie6
7,his older brother Chris - began taking - lessons,4,openie6
7,Gonzales - began - teaching himself piano at age three his older brother Chris began taking lessons,0,openie6
7,his older brother Chris - began taking - lessons,4,reverb
8,Gonzales - graduated - from Crescent School in Toronto,0,clausie
8,Gonzales - graduated - from Crescent School,0,clausie
8,Toronto - is - Ontario Canada,0,clausie
8,Gonzales - graduated - from,0,compactie
8,Gonzales - graduated - from Crescent School in Toronto,0,imojie
8,"Gonzales - graduated - from Crescent School in Toronto,",0,m2oie
8,Crescent School - is in - Toronto,2,minie
8,Gonzales - graduated from Crescent School in - Toronto,8,minie
8,Gonzales - graduated from Crescent School in - Ontario,9,minie
8,Toronto - is in - Canada,5,minie
8,Ontario - is in - Canada,4,minie
8,Gonzales - graduated - from Crescent School in Toronto,0,openie6
8,Gonzales - graduated from - Crescent School,1,reverb
9,He - was - trained classically,1,clausie
9,He - was - trained as a pianist,0,clausie
9,He - was - trained at McGill University,0,clausie
9,He - was - trained as a jazz virtuoso,0,clausie
9,He - was - trained,0,clausie
9,he - began - both his composing career McGill University where,0,clausie
9,he - began - co-authoring several musicals with his brother McGill University where,0,clausie
9,he - began - his performing career McGill University where,0,clausie
9,he - began - both his composing career McGill University,0,clausie
9,he - began - co-authoring several musicals with his brother McGill University,0,clausie
9,he - began - his performing career McGill University,0,clausie
9,his - has - composing career,0,clausie
9,his - has - brother,0,clausie
9,his - has - performing career,0,clausie
9,He - was - as a pianist at McGill University,0,compactie
9,He - trained - as a pianist at,0,compactie
9,he - began - both his composing career,0,compactie
9,he - began - both his performing career,0,compactie
9,He - was classically trained - as a pianist at McGill University,0,imojie
9,he - began - both his composing career,0,imojie
9,He - was classically trained - as a pianist at McGill,0,m2oie
9,"he - began - both his composing career, several musicals with his brother,",0,m2oie
9,"he composing - co-authoring - several musicals with his brother, and his performing",0,m2oie
9,He - was trained co-authoring several musicals with - brother,0,minie
9,He - was trained - co-authoring several musicals,0,minie
9,He - was trained as pianist at McGill University co-authoring several musicals with - brother,0,minie
9,He - was trained as pianist at McGill University - co-authoring several musicals,0,minie
9,He - performing career as - jazz virtuoso,0,minie
9,he - began composing career - McGill University,0,minie
9,his - has - composing career,0,minie
9,his - has - brother,0,minie
9,his - has performing career as - jazz virtuoso,0,minie
9,He - was classically trained - as a pianist at McGill University,0,openie6
9,he - began both his composing career co-authoring - several musicals with his brother,0,openie6
9,he - began - both his composing career McGill University,0,openie6
9,he - began - both his performing career McGill University,0,openie6
9,He - was classically trained as - a pianist,2,reverb
9,he - began - both,0,reverb
10,ʊ kio ʊ \/ to ː k ʲ o ː - is - Japanese,0,clausie
10,Tokyo \/ ˈ to ʊ kio ʊ \/ to ː k ʲ o ː officially Tokyo Metropolis - is - the capital city of Japan,0,clausie
10,Tokyo \/ ˈ to ʊ kio ʊ \/ to ː k ʲ o ː officially Tokyo Metropolis - is - one of its 47 prefectures of Japan,0,clausie
10,Tokyo \/ ˈ to ʊ kio ʊ \/ to ː k ʲ o ː officially Tokyo Metropolis - is - the capital city,0,clausie
10,Tokyo \/ ˈ to ʊ kio ʊ \/ to ː k ʲ o ː officially Tokyo Metropolis - is - one of its 47 prefectures,0,clausie
10,its - has - 47 prefectures,0,clausie
10,Tokyo - is - the capital city of Japan,3,compactie
10,Tokyo Metropolis - is - one of its 47 prefectures,0,compactie
10,Tokyo - is - the capital city of Japan and one of its 47 prefectures,0,imojie
10,Tokyo officially - is - the capital city of Japan and one of its 47,0,m2oie
10,Japan - is - city,0,minie
10,Tokyo - is in - officially Tokyo Metropolis,0,minie
10,Tokyo - is capital city of - Japan,5,minie
10,Tokyo - is one of its 47 prefectures of - Japan,9,minie
10,Tokyo - is - capital city,3,minie
10,Tokyo - is one of - its 47 prefectures,0,minie
10,its - has - 47 prefectures,0,minie
10,"Tokyo ( /ˈtoʊkioʊ/ , Japanese : Tokyo Metropolis - is - the capital city of Japan",0,openie6
10,"Tokyo ( /ˈtoʊkioʊ/ , Japanese : Tokyo Metropolis - is - one of its 47 prefectures",0,openie6
10,Tokyo - is the capital city of - Japan,5,reverb
11,The Greater Tokyo Area - is - the most populous metropolitan area in the world,2,clausie
11,The Greater Tokyo Area - is - the most populous metropolitan area,0,clausie
11,The Greater Tokyo Area - is - the most populous metropolitan area in the world,2,compactie
11,The Greater Tokyo Area - is - the most populous metropolitan area in the world,2,imojie
11,The Greater Tokyo Area - is - the most populous metropolitan area in the,0,m2oie
11,Greater Tokyo Area - is most populous metropolitan area in - world,2,minie
11,Greater Tokyo Area - is - most populous metropolitan area,0,minie
11,The Greater Tokyo Area - is - the most populous metropolitan area in the world,2,openie6
11,The Greater Tokyo Area - is the most populous metropolitan area in - the world,2,reverb
12,It - is - the seat of the Emperor of Japan,1,clausie
12,It - is - the seat of the Emperor of the Japanese government,0,clausie
12,It - is - the seat,0,clausie
12,It - is - the seat of the Emperor of Japan,1,compactie
12,It - is - the seat of the Japanese government,2,compactie
12,It - is - the seat of the Emperor of Japan and the Japanese government,1,imojie
12,It - is the seat - of the Emperor of Japan and the Japanese,0,m2oie
12,It - is seat of Emperor of - Japan,0,minie
12,It - is Japanese government of Emperor of - Japan,0,minie
12,It - is - seat,5,minie
12,It - is - Japanese government,0,minie
12,It - is - the seat of the Emperor of Japan,1,openie6
12,It - is - the seat of the Japanese government,2,openie6
12,It - is the seat of - the Emperor of Japan,1,reverb
13,Tokyo - is - in the Kant ō region on the southeastern side of the main island Honshu,0,clausie
13,Tokyo - includes - the Izu Islands,3,clausie
13,Tokyo - includes - Ogasawara Islands,4,clausie
13,Tokyo - is - in the Kantō region on the southeastern side of the main island Honshu,0,compactie
13,Tokyo - includes - the Izu Islands,3,compactie
13,Tokyo - includes - Ogasawara Islands,4,compactie
13,Tokyo - is - in the Kantō region on the southeastern side of the main island,0,imojie
13,Tokyo - includes - the Izu Islands and Ogasawara Islands,3,imojie
13,Tokyo - is - in the Kantō region on the southeastern side of the main island Honshu,0,m2oie
13,Tokyo - includes - the Izu Islands and Ogasawara,0,m2oie
13,Tokyo - is in - Kantō region on southeastern side of main island Honshu,0,minie
13,Tokyo - includes - Izu Islands,3,minie
13,Tokyo - includes - Ogasawara Islands,4,minie
13,Tokyo - is - in the Kantō region on the southeastern side of the main island Honshu,0,openie6
13,Tokyo - includes - the Izu Islands,3,openie6
13,Tokyo - includes - Ogasawara Islands,4,openie6
13,Tokyo - is in - the Kantō region,1,reverb
13,the Kantō region - includes - the Izu Islands,11,reverb
14,has the de facto seat of government since 1603 when Shogun Tokugawa Ieyasu made the city his headquarters - be known - Formerly as Edo,0,clausie
14,has the de facto seat of government since 1603 when Shogun Tokugawa Ieyasu made the city his headquarters - be known - Formerly,0,clausie
14,it - has been - the de facto seat Formerly known as Edo,0,clausie
14,it - has been - the de facto seat of government since 1603,2,clausie
14,it - has been - the de facto seat when Shogun Tokugawa Ieyasu made the city his headquarters,0,clausie
14,it - has been - the de facto seat,0,clausie
14,Shogun Tokugawa Ieyasu - made - the city his headquarters when,0,clausie
14,Shogun Tokugawa Ieyasu - made - the city his headquarters,0,clausie
14,his - has - headquarters,0,clausie
14,it - has been - the de facto seat of government since,0,compactie
14,Shogun Tokugawa Ieyasu - made - the city his headquarters,0,compactie
14,Shogun Tokugawa Ieyasu - made - the city his headquarters,0,imojie
14,it - has been - the de facto seat of government since 1603,2,imojie
14,it - has been - the de facto seat of government,2,m2oie
14,Shogun Tokugawa Ieyasu - made - the city,0,m2oie
14,has de facto seat of government since 1603 - be known as - Edo,0,minie
14,has de facto seat of government since 1603 - be known - Formerly,0,minie
14,it - has been de facto seat known as - Edo,0,minie
14,it - has been de facto seat of - government,2,minie
14,it - has been de facto seat since - 1603,3,minie
14,it - has been - de facto seat,0,minie
14,Shogun Tokugawa Ieyasu - made city - 1603,0,minie
14,his - has - headquarters,0,minie
14,it - has been - the de facto seat of government since 1603,2,openie6
14,Shogun Tokugawa Ieyasu - made - the city his headquarters 1603,0,openie6
14,Tokugawa Ieyasu - is  of - Shogun,0,openie6
14,it - has been the de facto seat of - government,2,reverb
14,Shogun Tokugawa Ieyasu - made - the city,0,reverb
15,It - became - the capital after Emperor Meiji moved his seat to the city from the old capital of Kyoto in 1868 officially,0,clausie
15,It - became - the capital after Emperor Meiji moved his seat to the city from the old capital of Kyoto in 1868,0,clausie
15,Emperor Meiji - moved - his seat to the city from the old capital of Kyoto,0,clausie
15,Emperor Meiji - moved - his seat in 1868,0,clausie
15,Emperor Meiji - moved - his seat,4,clausie
15,his - has - seat,0,clausie
15,Edo - at that time was renamed - Tokyo,0,clausie
15,It - officially became - the capital,1,compactie
15,Emperor Meiji - moved - his seat to the city from the old capital of Kyoto in 1868,4,compactie
15,Edo - was renamed - Tokyo,8,compactie
15,It - officially became - the capital after Emperor Meiji moved his seat to the city from the old capital of Kyoto in 1868,0,imojie
15,Edo - was renamed - Tokyo,8,imojie
15,Emperor Meiji - moved - his seat to the city from the old capital of Kyoto in 1868,4,imojie
15,It - officially became - the capital seat to the city from,0,m2oie
15,Emperor Meiji - moved - his seat to the city,4,m2oie
15,Meiji - is - Emperor,15,minie
15,It - became capital after Meiji moved seat to city from old capital of Kyoto in 1868 at - time,0,minie
15,Meiji - moved seat to - city,5,minie
15,Meiji - moved seat from old capital of - Kyoto,0,minie
15,Meiji - moved seat in - 1868,7,minie
15,Meiji - moved - seat,4,minie
15,his - has - seat,0,minie
15,Edo - was renamed - Tokyo time,0,minie
15,It - officially became - the capital after Emperor Meiji moved his seat to the city from the old capital of Kyoto in 1868,0,openie6
15,Emperor Meiji - moved - his seat to the city from the old capital of Kyoto in 1868,4,openie6
15,Edo - was renamed - Tokyo at that time,0,openie6
15,It - officially became - the capital,1,reverb
15,Emperor Meiji - moved his seat to - the city,5,reverb
15,Edo - was renamed - Tokyo,8,reverb
16,Tokyo Metropolis - was formed - in 1943 from the merger of the former Tokyo Prefecture 東 京 府 T ō ky ō fu,0,clausie
16,Tokyo Metropolis - was formed - in 1943 from the city of Tokyo 東 京 市 T ō ky ō shi,0,clausie
16,Tokyo Metropolis - was formed - in 1943,0,clausie
16,Tokyo Metropolis - was formed - in 1943 from the merger of the former Tokyo Prefecture,0,compactie
16,Tokyo Metropolis - was formed - in 1943 from the merger of the city of Tokyo,0,compactie
16,Tokyo Metropolis - was formed - in 1943 from the merger of the former Tokyo Prefecture ( 東 京 [UNK] Tōkyō-fu) and the city of Tokyo,0,imojie
16,Tokyo Metropolis - was formed - in 1943 of the former Tokyo Prefecture the of Tokyo,0,m2oie
16,Tokyo - is - city,7,minie
16,Tokyo Metropolis - was formed in 1943 from merger of - former Tokyo Prefecture,0,minie
16,Tokyo Metropolis - was formed in 1943 from - merger of city of Tokyo,0,minie
16,Tokyo Metropolis - was formed in - 1943,2,minie
16,former Tokyo Prefecture - is - 東京府 Tōkyō-fu,8,minie
16,city of Tokyo - is - 東京府 Tōkyō-fu,0,minie
16,city of Tokyo - is - 東京市 Tōkyō-shi,9,minie
16,Tokyo Metropolis - was formed - in 1943 from the merger of the former Tokyo Prefecture,0,openie6
16,Tokyo Metropolis - was formed - in 1943 from the merger of the city of Tokyo ( 東京市 Tōkyō-shi,0,openie6
16,Tokyo Metropolis - was formed in - 1943,2,reverb
17,Tokyo - is referred - to as a city often,0,clausie
17,Tokyo - is referred - to as a city,0,clausie
17,Tokyo - is known - as a metropolitan prefecture officially,0,clausie
17,Tokyo - is governed - as a metropolitan prefecture officially,0,clausie
17,Tokyo - is known - as a metropolitan prefecture,0,clausie
17,Tokyo - is governed - as a metropolitan prefecture,0,clausie
17,a metropolitan prefecture - differs - from elements of a city,0,clausie
17,a metropolitan prefecture - differs - from elements of a prefecture,0,clausie
17,a metropolitan prefecture - differs - elements of a city,0,clausie
17,a metropolitan prefecture - differs - elements of a prefecture,0,clausie
17,a metropolitan prefecture - combines - elements of a city,8,clausie
17,a metropolitan prefecture - combines - elements of a prefecture,9,clausie
17,a characteristic - unique - to Tokyo,0,clausie
17,Tokyo - is often referred to - as a city,0,compactie
17,"Tokyo - is officially known - as a "" metropolitan prefecture",0,compactie
17,Tokyo - differs - from of a city,0,compactie
17,Tokyo - differs - from of a prefecture,0,compactie
17,Tokyo - combines - elements of a city,6,compactie
17,Tokyo - combines - elements of a prefecture,7,compactie
17,"Tokyo - is officially governed - as a "" metropolitan prefecture",0,compactie
17,"Tokyo - governed - as a "" metropolitan prefecture",0,compactie
17,"Tokyo - is officially - as a "" metropolitan prefecture",0,compactie
17,Tokyo - is referred - as a city often,0,imojie
17,"a ""metropolitan prefecture - differs - ",0,imojie
17,"a ""metropolitan prefecture - combines - elements of a city and a prefecture",6.7,imojie
17,Tokyo - is officially known -,0,imojie
17,"Tokyo - is - officially known a ""metropolitan",0,m2oie
17,Tokyo - referred - often to as a,0,m2oie
17,"a ""metropolitan - differs - from",0,m2oie
17,"a ""metropolitan - combines - elements of a city and a",0,m2oie
17,Tokyo - is referred to as - city,1,minie
17,Tokyo - is known as - metropolitan prefecture,2,minie
17,Tokyo - governed as - metropolitan prefecture,3,minie
17,metropolitan prefecture - combines elements of - city,8,minie
17,metropolitan prefecture - combines elements of - prefecture,9,minie
17,elements of city - is - characteristic unique to Tokyo,0,minie
17,elements of prefecture - is - characteristic unique to Tokyo,0,minie
17,Tokyo - is referred - as a city often,0,openie6
17,a `` metropolitan prefecture - differs -,0,openie6
17,"a `` metropolitan prefecture - combines - elements of a city , a characteristic unique to Tokyo",0,openie6
17,a `` metropolitan prefecture - differs - from elements of a city,0,openie6
17,Tokyo - is officially governed - as a `` metropolitan prefecture,0,openie6
17,Tokyo - is often referred to as - a city,1,reverb
18,The Tokyo metropolitan government - administers - the 23 Special Wards of Tokyo each governed as an individual city,0,clausie
18,each - be governed - as an individual city,0,clausie
18,the 23 Special Wards of Tokyo each governed as an individual city - cover - the area,0,clausie
18,the area - was - the City of Tokyo,14,clausie
18,the area - was - the City before it merged,0,clausie
18,the area - was - the City before it became the metropolitan prefecture in 1943,0,clausie
18,the area - was - the City,0,clausie
18,it - became - the metropolitan prefecture in 1943,0,clausie
18,it - became - the metropolitan prefecture,10,clausie
18,The Tokyo metropolitan government - administers - the 23 Special Wards of Tokyo,4,compactie
18,each - governed - as an individual city,0,compactie
18,each - cover -,0,compactie
18,each - was - the City of Tokyo before it,0,compactie
18,it - merged -,8,compactie
18,area - was - the City of Tokyo before,0,compactie
18,the City of Tokyo - became - the metropolitan prefecture in 1943,10,compactie
18,The Tokyo metropolitan government - administers - the 23 Special Wards of Tokyo,4,imojie
18,an individual city - cover - the area,0,imojie
18,the area - was - the City of Tokyo before it merged and became the metropolitan prefecture in 1943,0,imojie
18,"The Tokyo metropolitan government - administers - the 23 Special Wards of Tokyo (each governed as an individual city), which cover the area",0,m2oie
18,the 23 Special Wards of Tokyo (each - governed - as an individual the area,0,m2oie
18,the 23 Special Wards of Tokyo (each governed - cover - as an individual the area that was the City of Tokyo before it merged and became the metropolitan prefecture in,0,m2oie
18,the area - was - the City of Tokyo,14,m2oie
18,it - became - the metropolitan prefecture,10,m2oie
18,Tokyo - is - City,17,minie
18,Tokyo metropolitan government - administers 23 Special Wards of - Tokyo,4,minie
18,23 Special Wards of Tokyo - cover - area,12,minie
18,area - was City of - Tokyo,0,minie
18,area - was City - became metropolitan prefecture,0,minie
18,area - was - City,0,minie
18,it - merged in - 1943,9,minie
18,it - became - metropolitan prefecture,10,minie
18,it - became - the metropolitan prefecture in 1943,10,openie6
18,it - merged -,8,openie6
18,the area - was - the City of Tokyo before it became the metropolitan prefecture in 1943,0,openie6
18,the area - was - the City of Tokyo before it merged,14,openie6
18,The Tokyo metropolitan government - administers - the 23 Special Wards of Tokyo ( each as an individual city,0,openie6
18,The Tokyo metropolitan government - administers - the 23 Special Wards of Tokyo,4,reverb
18,the 23 Special Wards of Tokyo - cover - the area,12,reverb
18,the area - was the City of - Tokyo,0,reverb
18,it - became - the metropolitan prefecture,10,reverb
19,The metropolitan government - administers - 39 municipalities in the western part of the prefecture also,0,clausie
19,The metropolitan government - administers - 39 municipalities in the western part of the two outlying island chains also,0,clausie
19,The metropolitan government - administers - 39 municipalities in the western part of the prefecture,2,clausie
19,The metropolitan government - administers - 39 municipalities in the western part of the two outlying island chains,0,clausie
19,The metropolitan government - administers - 39 municipalities in the western part of the prefecture,2,compactie
19,The metropolitan government - administers - 39 municipalities in the two outlying island chains,0,compactie
19,The metropolitan government - administers - 39 municipalities in the western part of the prefecture and the two outlying island chains,0,imojie
19,The metropolitan government - administers - 39 municipalities in the western part of the prefecture and the two outlying island,0,m2oie
19,metropolitan government - administers - 39 municipalities in western part of prefecture,2,minie
19,The metropolitan government - administers - 39 municipalities in the western part of the prefecture,2,openie6
19,The metropolitan government - administers - 39 municipalities in the two outlying island chains,0,openie6
19,The metropolitan government - also administers - 39 municipalities,2,reverb
20,The population of the special wards - is - over 9 million people with the total population of the prefecture exceeding 13 million,0,clausie
20,The population of the special wards - is - over 9 million people,0,clausie
20,the prefecture - be exceeding - 13 million,0,clausie
20,The population of the special wards - is - over 9 million people,0,compactie
20,The population of the special wards - is - over 9 million people,0,imojie
20,the total population of the prefecture - exceeding - 13 million.,3,imojie
20,The population of the special wards - is - over 9 million,0,m2oie
20,the total population of the prefecture - exceeding - 13,0,m2oie
20,prefecture - be exceeding - 13 million,0,minie
20,The population of the special wards - is - over 9 million people,0,openie6
20,the total population of the prefecture - exceeding - 13 million,3,openie6
20,The population of the special wards - is over - 9 million people,2,reverb
21,The prefecture - is - part of the world 's most populous metropolitan area,4,clausie
21,The prefecture - is - part with upwards of 37.8 million people,0,clausie
21,The prefecture - is - part with upwards of the world 's largest urban agglomeration economy,0,clausie
21,The prefecture - is - part,0,clausie
21,the world - has - most populous metropolitan area,7,clausie
21,the world - has - largest urban agglomeration economy,9,clausie
21,The prefecture - is - part of the world 's most populous metropolitan area,4,compactie
21,The prefecture - is - part of the world 's most populous metropolitan area with the world 's largest urban agglomeration economy,0,compactie
21,The prefecture - is - part of the world's most populous metropolitan area with upwards of 37.8 million people and the world's largest urban agglomeration economy,0,imojie
21,The prefecture - is - part of the world's most populous metropolitan area with upwards of 37.8 million people and the world's largest urban agglomeration,0,m2oie
21,prefecture - is part of - world 's most populous metropolitan area with upwards of 37.8 million people,0,minie
21,prefecture - is part of - world 's most populous metropolitan area with upwards of world 's largest urban agglomeration economy,0,minie
21,prefecture - is - part,0,minie
21,world - has - most populous metropolitan area with upwards of 37.8 million people,0,minie
21,world - has - most populous metropolitan area with upwards of world 's largest urban agglomeration economy,0,minie
21,world - has - largest urban agglomeration economy,9,minie
21,The prefecture - is - part of the world 's most populous metropolitan area with the world 's largest urban agglomeration economy,0,openie6
21,The prefecture - is - part of the world 's most populous metropolitan area with upwards of 37.8 million people,0,openie6
21,The prefecture - is part of - the world 's most populous metropolitan area,4,reverb
22,the city - hosted - 51 of the Fortune Global 500 companies In 2011,0,clausie
22,the city - hosted - 51 of the Fortune Global 500 companies at that time,0,clausie
22,the city - hosted - 51 of the Fortune Global 500 companies,2,clausie
22,the Fortune Global 500 companies - is - the highest number of any city in the world,0,clausie
22,the city - hosted - 51 of the Fortune Global 500 companies,2,compactie
22,the city - hosted - 51 of the Fortune Global 500 companies at that time In 2011,0,imojie
22,the city - hosted - 51 of the Fortune Global 500 companies,2,imojie
22,"the city - hosted - 51 of the Fortune Global 500 companies, the in",0,m2oie
22,city - hosted 51 of Fortune In - 2011,0,minie
22,city - hosted 51 of Fortune at - time,0,minie
22,city - hosted 51 of - Fortune,0,minie
22,Global 500 companies - is - highest number of city in world,0,minie
22,the city - hosted - 51 of the Fortune Global 500 companies,2,openie6
22,the city - hosted - 51 of the Fortune Global 500 companies,2,reverb
23,Tokyo - ranked - third twice in the International Financial Centres Development IndexEdit,2,clausie
23,Tokyo - ranked - third twice,5,clausie
23,Tokyo - ranked - third,4,compactie
23,Tokyo - ranked - third (twice) in the International Financial Centres Development IndexEdit,2,imojie
23,Tokyo - ranked - third,4,m2oie
23,Tokyo - ranked third in - International Financial Centres Development IndexEdit,1,minie
23,Tokyo - ranked - third,4,minie
23,Tokyo - ranked - third twice in the International Financial Centres Development IndexEdit,2,openie6
23,Tokyo - ranked third in - the International Financial Centres Development IndexEdit,1,reverb
24,The city - is - home also,0,clausie
24,The city - is - home to various television networks such as Fuji TV,0,clausie
24,The city - is - home to various television networks such as Tokyo MX,0,clausie
24,The city - is - home to various television networks such as TV Tokyo,0,clausie
24,The city - is - home to various television networks such as TV Asahi,0,clausie
24,The city - is - home to various television networks such as Nippon Television,0,clausie
24,The city - is - home to various television networks such as NHK,0,clausie
24,The city - is - home to various television networks such as the Tokyo Broadcasting System,0,clausie
24,The city - is - home,0,clausie
24,The city - is also - home to various television networks such as Fuji TV,0,compactie
24,The city - is also - home to various television networks such as Tokyo MX,0,compactie
24,The city - is also - home to various television networks such as TV Tokyo,0,compactie
24,The city - is also - home to various television networks such as TV Asahi,0,compactie
24,The city - is also - home to various television networks such as Nippon Television,0,compactie
24,The city - is also - home to various television networks such as NHK,0,compactie
24,The city - is also - home to various television networks such as the Tokyo Broadcasting System,0,compactie
24,"The city - is also - home to various television networks such as Fuji TV, Tokyo MX, TV Tokyo, TV Asahi, Nippon Television, NHK and the Tokyo Broadcasting System",0,imojie
24,"The city - is also - home to various television networks such as Fuji TV, Tokyo MX, TV Tokyo, TV Asahi, Nippon Television, NHK and the Tokyo Broadcasting",0,m2oie
24,Fuji TV - is - various television network,9,minie
24,Tokyo MX - is - various television network,10,minie
24,TV Tokyo - is - various television network,11,minie
24,TV Asahi - is - various television network,12,minie
24,Nippon Television - is - various television network,13,minie
24,NHK - is - various television network,14,minie
24,Tokyo Broadcasting System - is - various television network,15,minie
24,city - is - home,0,minie
24,city - is home to various television networks such as - Fuji TV,0,minie
24,city - is home to various television networks such as - Tokyo MX,0,minie
24,city - is home to various television networks such as - TV Tokyo,0,minie
24,city - is home to various television networks such as - TV Asahi,0,minie
24,city - is home to various television networks such as - Nippon Television,0,minie
24,city - is home to various television networks such as - NHK,0,minie
24,city - is home to various television networks such as - Tokyo Broadcasting System,0,minie
24,The city - is also - home to various television networks such as Fuji TV,0,openie6
24,The city - is also - home to various television networks such as TV Tokyo,0,openie6
24,The city - is also - home to various television networks such as Nippon Television,0,openie6
24,The city - is also - home to various television networks such as Tokyo MX,0,openie6
24,The city - is also - home to various television networks such as TV Asahi,0,openie6
24,The city - is also home to - various television networks,1,reverb
25,statistics EM algorithm - is - an expectation maximization,0,clausie
25,a posteriori MAP estimates of parameters in statistical models - is - an iterative method to find maximum likelihood In statistics EM algorithm,0,clausie
25,a posteriori MAP estimates of parameters in statistical models - is - an iterative method to find maximum maximum In statistics EM algorithm,0,clausie
25,a posteriori MAP estimates of parameters in statistical models - is - an iterative method to find maximum likelihood,0,clausie
25,a posteriori MAP estimates of parameters in statistical models - is - an iterative method to find maximum maximum,0,clausie
25,the model - depends - statistical models where,0,clausie
25,the model - depends - on unobserved latent variables statistical models,0,clausie
25,the model - depends - statistical models,0,clausie
25,algorithm - is -,0,compactie
25,the model - depends - on unobserved latent variables,0,compactie
25,the model - depends - on unobserved latent variables statistical models,0,imojie
25,an expectation–maximization (EM) algorithm - is - an iterative method to find maximum likelihood or maximum a posteriori (MAP) estimates of parameters in statistical models In statistics,0,imojie
25,"an expectation–maximization (EM) algorithm - is - an iterative method to find maximum likelihood or maximum a posteriori (MAP) estimates of parameters in statistical models,",0,m2oie
25,an iterative method - to - find maximum likelihood or maximum a posteriori (MAP) estimates of parameters in statistical,0,m2oie
25,the model - depends - on unobserved latent,0,m2oie
25,maximization - is - EM,0,minie
25,In statistics iterative method - be find - maximum likelihood of parameters in statistical models,0,minie
25,In statistics iterative method - be find - maximum posteriori MAP estimates,0,minie
25,expectation maximization algorithm - is iterative method In - statistics,3,minie
25,expectation maximization algorithm - is iterative method to find - maximum likelihood of parameters in statistical models,4,minie
25,expectation maximization algorithm - is iterative method to find - maximum posteriori MAP estimates,5,minie
25,expectation maximization algorithm - is - iterative method,2,minie
25,model - depends on unobserved latent variables - statistical models,0,minie
25,model - depends - statistical models,0,minie
25,the model - depends - on unobserved latent variables statistical models,0,openie6
25,"an expectation–maximization EM ) algorithm - is - an iterative method to find maximum a posteriori ( MAP ) estimates of parameters in statistical models , In statistics",0,openie6
25,"an expectation–maximization EM algorithm - is - an iterative method to find maximum likelihood ) estimates of parameters in statistical models , on In statistics",0,openie6
25,the model - depends on - unobserved latent variables,0,reverb
26,The EM iteration - alternates - between performing an expectation step,0,clausie
26,The EM iteration - alternates - between performing a maximization step,0,clausie
26,an expectation step - is - E,0,clausie
26,a maximization step - is - E,0,clausie
26,an expectation step - creates - a function for the expectation of the log-likelihood evaluated using the current estimate for the parameters,0,clausie
26,a maximization step - creates - a function for the expectation of the log-likelihood evaluated using the current estimate for the parameters,0,clausie
26,the log-likelihood - be evaluated - using the current estimate for the parameters,0,clausie
26,the log-likelihood - be evaluated - using the current estimate,0,clausie
26,a maximization step - is - M,0,clausie
26,a maximization step - computes - parameters maximizing the expected log-likelihood found on the E step,11,clausie
26,parameters - be maximizing - the expected log-likelihood found on the E step,14,clausie
26,the expected log-likelihood - be found - on the E step,0,clausie
26,The EM iteration - alternates - between,0,compactie
26,step - creates - a function for the expectation of the log -likelihood,0,compactie
26,the expected log - likelihood - found -,0,compactie
26,a function for the expectation of the log -likelihood - evaluated computes -,0,compactie
26,The EM iteration - alternates - between performing an expectation (E) step,0,imojie
26,the log-likelihood - evaluated -,0,imojie
26,a maximization - found - on the E step,0,imojie
26,"The EM iteration - alternates - between performing an expectation (E) step, creates a function for the expectation of the log-likelihood",0,m2oie
26,an expectation (E) - creates - a function for the expectation of the log-likelihood evaluated and,0,m2oie
26,the log-likelihood a maximization (M) - evaluated - using the current estimate for the,0,m2oie
26,a maximization (M) - computes - the current estimate for the parameters maximizing the expected log-likelihood,0,m2oie
26,a maximization (M) parameters - maximizing - the expected log-likelihood,0,m2oie
26,expectation - is - E,0,minie
26,performing expectation step and maximization step - creates - function for expectation of log-likelihood evaluated using current estimate for parameters,0,minie
26,log-likelihood - be evaluated using current estimate for - parameters,0,minie
26,maximization - is - M,0,minie
26,maximization step - computes parameters maximizing expected log-likelihood found on - E step,13,minie
26,parameters - be maximizing expected log-likelihood found on - E step,0,minie
26,expected log-likelihood - be found on - E step,15,minie
26,a maximization ( M ) step - computes - parameters maximizing the expected log-likelihood found on the E step,11,openie6
26,"The EM iteration - alternates - between performing an expectation ( E ) step , which creates a function for the expectation of the log-likelihood evaluated using the current estimate for the parameters , and a maximization ( step",0,openie6
26,the log-likelihood a maximization ( M ) step - evaluated - computes parameters maximizing the expected log-likelihood found on the E step,0,openie6
26,a maximization M ) step parameters the expected log-likelihood - creates maximizing found - for on the E step,0,openie6
26,an expectation step - computes - parameters,0,reverb
26,the expected log-likelihood - found on - the E step,15,reverb
27,These parameter-estimates - are used - to determine the distribution of the latent variables in the next E step,0,clausie
27,These parameter-estimates - are used - to determine the distribution of the latent variables,0,clausie
27,These parameter - estimates - used - to determine the distribution of the latent variables in,0,compactie
27,These parameter - estimates - are then - to determine the distribution of the latent variables in,0,compactie
27,These parameter-estimates - are used - to determine the distribution of the latent variables in the next E step then,0,imojie
27,These parameter-estimates - are - then used to determine the distribution of the latent variables in the next E,0,m2oie
27,These parameter-estimates - used - to determine the distribution of the latent variables in the next E,0,m2oie
27,These parameter-estimates - to determine - the distribution of the latent variables in the next E,0,m2oie
27,parameter-estimates - are used to determine - distribution of latent variables in next E step,1,minie
27,These parameter-estimates - are used - to determine the distribution of the latent variables in the next E step then,0,openie6
27,These parameter-estimates - to determine - the distribution of the latent variables in the next E step,0,openie6
27,These parameter-estimates - are then used to determine the distribution of - the latent variables,1,reverb
28,The EM algorithm - was explained - its name in a classic 1977 paper by Arthur Dempster,0,clausie
28,The EM algorithm - was explained - its name in a classic 1977 paper by Nan Laird,0,clausie
28,The EM algorithm - was explained - its name in a classic 1977 paper by Donald Rubin,0,clausie
28,The EM algorithm - was explained - its name in a classic 1977 paper,0,clausie
28,The EM algorithm - was given - its name in a classic 1977 paper by Arthur Dempster,0,clausie
28,The EM algorithm - was given - its name in a classic 1977 paper by Nan Laird,0,clausie
28,The EM algorithm - was given - its name in a classic 1977 paper by Donald Rubin,0,clausie
28,The EM algorithm - was given - its name in a classic 1977 paper,7,clausie
28,its - has - name in a classic 1977 paper,0,clausie
28,The EM algorithm - was explained - in a classic 1977 paper by Arthur Dempster,0,compactie
28,The EM algorithm - was explained - in a classic 1977 paper by Nan Laird,0,compactie
28,The EM algorithm - was explained - in a classic 1977 paper by Donald Rubin,0,compactie
28,The EM algorithm - was given - its name in a classic 1977 paper by Arthur Dempster,0,compactie
28,The EM algorithm - was given - its name in a classic 1977 paper by,0,compactie
28,The EM algorithm - was given - its name in a classic 1977 paper by Donald Rubin,0,compactie
28,"The EM algorithm - was given - its name in a classic 1977 paper by Arthur Dempster, Nan Laird, and Donald Rubin",0,imojie
28,The EM algorithm - was explained -,0,imojie
28,The EM algorithm - given - its name,7,m2oie
28,EM algorithm - given name in classic 1977 paper by - Arthur Dempster,10,minie
28,EM algorithm - given name in classic 1977 paper by - Nan Laird,11,minie
28,EM algorithm - given name in classic 1977 paper by - Donald Rubin,12,minie
28,EM algorithm - given name in - classic 1977 paper,9,minie
28,its - has name in - classic 1977 paper,0,minie
28,The EM algorithm - was given - its name in a classic 1977 paper by Arthur Dempster,0,openie6
28,The EM algorithm - was explained - in a classic 1977 paper by Arthur Dempster,0,openie6
28,The EM algorithm - was given - its name in a classic 1977 paper by Donald Rubin,0,openie6
28,The EM algorithm - was given - its name in a classic 1977 paper by Nan Laird,0,openie6
28,The EM algorithm - was explained - in a classic 1977 paper by Donald Rubin,0,openie6
29,They - pointed out - that the method had been proposed many times in special circumstances by earlier authors,0,clausie
29,the method - had been proposed - many times in special circumstances,0,clausie
29,the method - had been proposed - many times by earlier authors,0,clausie
29,the method - had been proposed - many times,3,clausie
29,the method - had been proposed - many times in special circumstances,0,compactie
29,"They - pointed out - that the method had been ""proposed many times in special circumstances"" by earlier authors",0,imojie
29,"the method - had been ""proposed - many times in special circumstances by earlier authors",0,imojie
29,"They - pointed out - that the method had been ""proposed many times in special circumstances"" by earlier",0,m2oie
29,"the method - had been - ""proposed many times in special circumstances"" by earlier",0,m2oie
29,method - had been proposed many times in - special circumstances,0,minie
29,method - had been proposed many times by - earlier authors,0,minie
29,method - had been - proposed many times,0,minie
29,They - pointed out - that the method had been `` proposed many times in special circumstances '' by earlier authors,0,openie6
29,the method - had been proposed - many times in special circumstances earlier authors,0,openie6
30,A very detailed treatment of the EM method for exponential families - was published - by Rolf Sundberg in his thesis,0,clausie
30,A very detailed treatment of the EM method for exponential families - was published - by several papers following his collaboration with Per Martin-L f,0,clausie
30,A very detailed treatment of the EM method for exponential families - was published - by several papers following his collaboration with Anders Martin-L f.,0,clausie
30,his - has - thesis,0,clausie
30,his - has - collaboration with Per Martin-L f,0,clausie
30,his - has - collaboration with Anders Martin-L f.,0,clausie
30,A very detailed treatment of the EM method for exponential families - was published - by Rolf,0,compactie
30,A very detailed treatment of the EM method for exponential families - was published - by Rolf Sundberg in several papers following his collaboration with Per Martin - Löf,0,compactie
30,A very detailed treatment of the EM method for exponential families - was published - by Rolf Sundberg,0,compactie
30,A very detailed treatment of the EM method for exponential families - was published - by Rolf Sundberg in his thesis and several papers following his collaboration with Per Martin-Löf and Anders Martin-,0,imojie
30,A very detailed treatment of the EM method for exponential families - was published - by Rolf Sundberg thesis and several papers,0,m2oie
30,his several papers - following - his collaboration with Per Martin-Löf and Anders,0,m2oie
30,very detailed treatment of EM method for exponential families - was published by Rolf Sundberg in thesis following collaboration with - Martin-Löf,0,minie
30,very detailed treatment of EM method for exponential families - was published by Rolf Sundberg in - several papers,6,minie
30,very detailed treatment of EM method for exponential families - was published by Rolf Sundberg in thesis following collaboration with - Anders Martin-Löf,0,minie
30,very detailed treatment of EM method for exponential families - was published by - Rolf Sundberg,4,minie
30,his - has thesis following collaboration with - Martin-Löf,0,minie
30,his - has thesis following collaboration with - Anders Martin-Löf,0,minie
30,his - has collaboration with - Martin-Löf,0,minie
30,his - has collaboration with - Anders Martin-Löf,0,minie
30,A very detailed treatment of the EM method for exponential families - was published - by Rolf Sundberg in his thesis,0,openie6
30,A very detailed treatment of the EM method for exponential families - was published - by Rolf Sundberg in several papers following his collaboration with Per Martin-Löf,0,openie6
30,A very detailed treatment of the EM method for exponential families - was published - by Rolf Sundberg in several papers following his collaboration with Anders Martin-Löf,0,openie6
30,exponential families - was published by - Rolf Sundberg,0,reverb
31,The Dempster Laird Rubin paper in 1977 - generalized - the method,0,clausie
31,The Dempster Laird Rubin paper in 1977 - sketched - a convergence analysis for a wider class of problems,0,clausie
31,The Dempster Laird Rubin paper in 1977 - sketched - a convergence analysis,0,clausie
31,The Dempster – Laird–Rubin paper in - generalized - the method,0,compactie
31,The Dempster – Laird–Rubin paper in 1977 - sketched - a convergence analysis for a wider class of problems,0,compactie
31,The Dempster–Laird–Rubin paper in 1977 - sketched - a convergence analysis for a wider class of problems,0,imojie
31,The Dempster–Laird–Rubin paper in 1977 - generalized - the method,0,imojie
31,The Dempster–Laird–Rubin paper in 1977 - generalized - the method,0,m2oie
31,The - sketched - a convergence analysis for a wider class of,0,m2oie
31,paper in 1977 - sketched - a convergence analysis for a wider class of problems,0,openie6
31,paper in 1977 - generalized - the method,0,openie6
31,1977 - generalized - the method,0,reverb
31,1977 - sketched - a convergence analysis,0,reverb
32,the innovative Dempster Laird Rubin paper in the Journal of the Royal Statistical Society - received - an enthusiastic discussion Regardless of earlier inventions,0,clausie
32,the innovative Dempster Laird Rubin paper in the Journal of the Royal Statistical Society - received - an enthusiastic discussion at the Royal Statistical Society meeting,0,clausie
32,the innovative Dempster Laird Rubin paper in the Journal of the Royal Statistical Society - received - an enthusiastic discussion with Sundberg calling the paper brilliant,0,clausie
32,the innovative Dempster Laird Rubin paper in the Journal of the Royal Statistical Society - received - an enthusiastic discussion,3,clausie
32,the innovative Dempster - received - an enthusiastic discussion at the Royal Statistical Society meeting,0,compactie
32,Sundberg - calling -,0,compactie
32,"Sundberg - calling - the paper ""brilliant",0,imojie
32,"the innovative Dempster–Laird–Rubin paper in the Journal of the Royal Statistical Society - received - an enthusiastic discussion at the Royal Statistical Society meeting with Sundberg calling the paper ""brilliant",0,imojie
32,the innovative Dempster–Laird–Rubin paper in the Journal of the Royal Statistical Society - received - an enthusiastic discussion at the Royal Statistical Society meeting with Sundberg,0,m2oie
32,Sundberg - calling - the paper,0,m2oie
32,Rubin paper in Journal of Royal Statistical Society - received enthusiastic discussion Regardless of - earlier inventions,0,minie
32,Rubin paper in Journal of Royal Statistical Society - received - enthusiastic discussion,0,minie
32,Royal Statistical Society meeting with Sundberg - be calling - paper brilliant,0,minie
32,Royal Statistical Society meeting Sundberg - calling - the paper brilliant,0,openie6
32,the Journal of the Royal Statistical Society - received - an enthusiastic discussion,0,reverb
33,The Dempster Laird Rubin paper - established - the EM method as an important tool of statistical analysis,0,clausie
33,The Dempster Laird Rubin paper - established - the EM method,5,clausie
33,–Rubin paper - established - the EM method as an important tool of statistical analysis,0,compactie
33,The Dempster–Laird–Rubin paper - established - the EM method as an important tool of statistical analysis,5,imojie
33,The Dempster–Laird–Rubin paper - established - the EM method an important tool of statistical,0,m2oie
33,Rubin paper - established EM method as important tool of - statistical analysis,0,minie
33,Rubin paper - established - EM method,0,minie
33,paper - established - the EM method as an important tool of statistical analysis,0,openie6
33,The Dempster–Laird–Rubin paper - established - the EM method,5,reverb
34,HELSINKI Finnish police reprimanded a man for traveling in a car boot to hide his meeting with Prime Minister Juha Sipila during a government crisis last summer saying this was breach of the traffic code - is - Reuters,0,clausie
34,Finnish police - be reprimanded - a man for traveling in a car boot to hide his meeting with Prime Minister Juha Sipila during a government crisis last summer saying this was breach of the traffic code,0,clausie
34,his - has - meeting,0,clausie
34,this - was - breach of the traffic code,0,clausie
34,this - was - breach,0,clausie
34,Finnish police - reprimanded - a man for traveling in a car boot to hide his meeting with Prime Minister Juha Sipila during a government crisis last summer,0,imojie
34,Finnish police - reprimanded - a man for traveling in a car boot to hide his meeting with Prime Minister Juha Sipila during last,0,m2oie
34,a man - traveling - in a car boot,0,m2oie
34,car boot - hide - his meeting with Prime Minister Juha Sipila during a government crisis last,0,m2oie
34,this - was - breach of the traffic,0,m2oie
34,Juha Sipila - is - Prime Minister,11,minie
34,HELSINKI - is - Reuters,0,minie
34,Finnish police - reprimanded man for - traveling in car boot to hide meeting with Juha Sipila during government crisis last summer,0,minie
34,Finnish police - reprimanded - man,1,minie
34,his - has meeting with - Juha Sipila,0,minie
34,this - was breach of - traffic code,0,minie
34,this - was - breach,0,minie
34,this - was - breach of the traffic code,0,openie6
34,HELSINKI ( Reuters ) police - reprimanded a man for traveling in a car boot to hide - his meeting with Prime Minister Juha Sipila during a government crisis last summer,0,openie6
34,HELSINKI ( Reuters police - reprimanded - a man for traveling in a car boot,0,openie6
34,HELSINKI ( Reuters police - reprimanded saying - this was breach of the traffic code,0,openie6
34,Finnish police - reprimanded - a man,1,reverb
34,this - was breach of - the traffic code,0,reverb
35,A police statement - did not name - the man in the boot,1,clausie
35,A police statement - indicated - the traveler in effect,0,clausie
35,A police statement - indicated - the traveler,0,clausie
35,State Secretary Samuli Virtanen - is - the deputy also,4,clausie
35,State Secretary Samuli Virtanen - is - the deputy to Foreign Minister Timo Soini,0,clausie
35,State Secretary Samuli Virtanen - is - the deputy,4,clausie
35,A police statement - did not name - the man in the boot,1,compactie
35,the traveler - was - State Secretary Samuli Virtanen,0,compactie
35,State Secretary Samuli Virtanen - is -,0,compactie
35,State Secretary Samuli Virtanen - also - the deputy to Foreign Minister Timo Soini,0,compactie
35,A police statement - did not name - the man in the boot,1,imojie
35,State Secretary Samuli Virtanen - is also - the deputy to Foreign Minister Timo Soini.,0,imojie
35,the traveler - was - State Secretary Samuli Virtanen,0,imojie
35,A police statement - did not name - the man in the,0,m2oie
35,"A police statement - indicated - in the traveler was State Secretary Samuli Virtanen, who is deputy to",0,m2oie
35,"the traveler - was - State Secretary Samuli Virtanen, who is the deputy to Foreign Minister Timo",0,m2oie
35,State Secretary Samuli - is also - the deputy to Foreign Minister Timo,0,m2oie
35,Samuli Virtanen - is - State Secretary,3,minie
35,Timo Soini - is - Foreign Minister,6,minie
35,police statement - did name man in - boot,0,minie
35,traveler - was - Samuli Virtanen,0,minie
35,Samuli Virtanen - is - deputy,4,minie
35,Samuli Virtanen - is deputy to - Timo Soini,5,minie
35,State Secretary Samuli Virtanen - is also - the deputy to Foreign Minister Timo Soini,0,openie6
35,the traveler - was - State Secretary Samuli Virtanen,0,openie6
35,A police statement - did not name - the man in the boot,1,openie6
35,A police statement in effect - indicated - the traveler was State Secretary Samuli Virtanen,0,openie6
35,A police statement - did not name - the man,0,reverb
35,effect - indicated - the traveler,0,reverb
35,the traveler - was - State Secretary Samuli Virtanen,0,reverb
35,State Secretary Samuli Virtanen - is also the deputy to - Foreign Minister Timo Soini,0,reverb
36,The meeting - took - place in June,0,clausie
36,Virtanen - s - a day after co-ruling Finns,0,clausie
36,party - had elected - anti-immigration hardliners as its new leaders a day after co-ruling Finns,0,clausie
36,party - had elected - anti-immigration hardliners a day after co-ruling Finns,0,clausie
36,its - has - new leaders,0,clausie
36,Virtanen ’s co-ruling Finns party - had elected - anti-immigration hardliners as its new leaders,0,compactie
36,The meeting - took place - in June,0,compactie
36,The meeting - took - place in June,0,imojie
36,Virtanen’s co-ruling Finns party - had elected - anti-immigration hardliners as its new leaders,0,imojie
36,The meeting - took - place,0,m2oie
36,Virtanen’s co-ruling Finns party - had elected - anti-immigration hardliners,0,m2oie
36,meeting - took place in - June a day,0,minie
36,meeting - took place in - June,1,minie
36,Virtanen - has - co-ruling Finns party,0,minie
36,Virtanen 's co-ruling Finns party - had elected anti-immigration hardliners as - new leaders a day,0,minie
36,Virtanen 's co-ruling Finns party - had elected anti-immigration hardliners - a day,0,minie
36,its - has - new leaders,0,minie
36,Virtanen 's co-ruling Finns party - had elected - anti-immigration hardliners as its new leaders,0,openie6
36,The meeting - took - place a after Virtanen 's co-ruling Finns party had elected anti-immigration hardliners as its new leaders in June day,0,openie6
36,The meeting - took place in - June,1,reverb
36,Virtanen’s co-ruling Finns party - had elected - anti-immigration hardliners,0,reverb
37,The government - was - close to collapse until a group of politicians including Virtanen in the following week walked out of the Finns party,0,clausie
37,The government - was - close to collapse until a group of politicians including Soini in the following week walked out of the Finns party and announced they would form a new group,0,clausie
37,The government - was - close to collapse until a group of politicians including Virtanen in the following week announced they would form a new group,0,clausie
37,a group of politicians including Virtanen in the following week - walked out - of the Finns party,0,clausie
37,a group of politicians including Soini in the following week - walked out - of the Finns party,0,clausie
37,a group of politicians including Virtanen in the following week - announced - they would form a new group,0,clausie
37,a group of politicians including Soini in the following week - announced - they would form a new group,0,clausie
37,they - would form - a new group,0,clausie
37,The government - was - close to,0,compactie
37,The government - collapse -,0,compactie
37,including - walked - out of the Finns party,0,compactie
37,they - would form - a new group,0,compactie
37,close to - collapse -,0,compactie
37,The government - was - close to collapse,1,imojie
37,"a group of politicians, including Virtanen and Soini, in the following week - announced - they would form a new group",0,imojie
37,The government - was - close to collapse,1,m2oie
37,"a group of politicians, including Virtanen and following week - walked - out of the Finns party",0,m2oie
37,"a group of politicians, including Virtanen and in the following week - announced - they would form a new",0,m2oie
37,they - would form - a new,0,m2oie
37,Virtanen - is - politicians,9,minie
37,Soini - is - politicians,10,minie
37,government - was close to - collapse,1,minie
37,government - was - close,0,minie
37,group of politicians including Virtanen in the following week - walked out of - Finns party,0,minie
37,group of politicians including Soini in the following week - walked out of - Finns party,0,minie
37,they - form - new group,0,minie
37,"a group of politicians , including Soini - walked - out of the Finns party in the following week",0,openie6
37,"The government - was - close to collapse until a group of politicians , including Soini , the following week walked out of the Finns party",0,openie6
37,The government Soini - walked - out of the Finns party in the following week,0,openie6
37,"The government - was - close to collapse until a group of politicians , including Soini , the following week announced they would form a new group",0,openie6
37,"The government - was - close to collapse until a group of politicians , including Virtanen , the following week walked out of the Finns party",0,openie6
37,the following week - walked out of - the Finns party,0,reverb
37,the following week - announced - they,0,reverb
37,they - would form - a new group,0,reverb
38,The Finns party - was thrown out - of the government,1,clausie
38,the new Blue Reform group - kept - its cabinet seat,4,clausie
38,its - has - cabinet seat,0,clausie
38,The Finns party - was thrown - out of the government,0,compactie
38,Reform ” group - kept - its cabinet seat,0,compactie
38,The Finns party - was thrown - out of the government,0,imojie
38,the new “Blue Reform” group - kept - its cabinet seat,4,imojie
38,The Finns party - was thrown - out of the government and,0,m2oie
38,the new “Blue Reform” group - kept - its cabinet,0,m2oie
38,Finns party - was thrown out of - government,1,minie
38,new Blue Reform group - kept - cabinet seat,4,minie
38,its - has - cabinet seat,0,minie
38,the new `` Blue Reform '' group - kept - its cabinet seat,4,openie6
38,The Finns party - was thrown - out of the government,0,openie6
38,The Finns party - was thrown out of - the government,1,reverb
38,the new “Blue Reform ” group - kept - its cabinet seat,4,reverb
39,Virtanen - has not commented - on the case,1,clausie
39,lawmaker Tiina Elovaara from Blue Reform - said - in a blog that Virtanen climbed into the boot to keep the meeting secret at a critical moment,0,clausie
39,lawmaker Tiina Elovaara from Blue Reform - said - that Virtanen climbed into the boot to keep the meeting secret at a critical moment,0,clausie
39,Virtanen - climbed - into the boot to keep the meeting secret at a critical moment,0,clausie
39,Virtanen - climbed - to keep the meeting secret at a critical moment,0,clausie
39,Virtanen - has not commented - on the case,1,compactie
39,Virtanen - climbed - into the boot,0,compactie
39,Virtanen - has not commented - on the case,1,imojie
39,lawmaker Tiina Elovaara from Blue Reform - said - in a blog that Virtanen climbed into the boot to keep the meeting secret at a critical moment,0,imojie
39,Virtanen - climbed - into the boot to keep the meeting secret at a critical moment.,0,imojie
39,Virtanen - has not commented - on the,0,m2oie
39,lawmaker Tiina Elovaara from Blue Reform - said - in a blog that Virtanen climbed into the boot,0,m2oie
39,Virtanen - climbed - into the boot,0,m2oie
39,a Virtanen the boot - to keep - the meeting secret at a critical,0,m2oie
39,Tiina Elovaara - is - lawmaker,2,minie
39,Virtanen - has commented on - case,0,minie
39,Tiina Elovaara from Blue Reform - said in - blog,0,minie
39,Virtanen - has not commented - on the case,1,openie6
39,lawmaker Tiina Elovaara from Blue Reform - said - in a blog,0,openie6
39,a blog - climbed - into the boot to keep the meeting secret at a critical moment,0,openie6
39,that Virtanen - climbed to keep - the meeting secret at a critical moment,0,openie6
39,Virtanen - has not commented on - the case,1,reverb
39,Blue Reform - said in - a blog,0,reverb
39,a blog - climbed into - the boot,0,reverb
40,He - avoided - media attention when the situation was most serious,0,clausie
40,He - avoided - media attention,0,clausie
40,the situation - was - serious when,0,clausie
40,the situation - was - serious most,0,clausie
40,the situation - was - serious,0,clausie
40,the risk of leakage about the parliamentarians transition - was - big too,0,clausie
40,the risk of leakage about the parliamentarians transition - was - big,0,clausie
40,Elovaara - said - He avoided media attention when the situation was most serious,1,clausie
40,Elovaara - said - the risk of leakage about the parliamentarians transition was too big,0,clausie
40,He - avoided -,0,compactie
40,the risk of leakage about the parliamentarians - was -,0,compactie
40,“He - avoided - media attention when the situation was most serious,0,imojie
40,the risk of leakage about the parliamentarians transition - was - too big,0,imojie
40,the the risk of leakage about the - was - most,0,m2oie
40,He - avoided - media attention,0,minie
40,situation - was most - serious,0,minie
40,situation - was - serious,0,minie
40,parliamentarians - has - transition,0,minie
40,risk of leakage about parliamentarians ' transition - was - big,0,minie
40,'He avoided media attention - said - Elovaara,1,openie6
40,'He - avoided - media attention when the situation was most serious,0,openie6
40,media attention the risk of leakage about the parliamentarians ' transition - was - too big,0,openie6
40,'He avoided - said - media attention Elovaara when the risk of leakage about the parliamentarians ' transition was too big,0,openie6
40,avoided the situation - was - media attention most serious,0,openie6
41,LONDON After a year of relatively healthy global economic growth economists are predicting pretty much the same for 2018 a too-hot Goldilocks scenario - is - Reuters,0,clausie
41,LONDON After a year of relatively healthy global economic growth economists are predicting pretty much the same for 2018 a too-cold Goldilocks scenario but with little sight of the three bears - is - Reuters,0,clausie
41,LONDON After a year of relatively healthy global economic growth economists are predicting pretty much with little sight of the three bears - is - Reuters,0,clausie
41,economists - are predicting - pretty much After a year of relatively healthy global economic growth,0,clausie
41,economists - are predicting - pretty much the same for 2018 a too-hot Goldilocks scenario,0,clausie
41,economists - are predicting - pretty much the same for 2018 a too-cold Goldilocks scenario but with little sight of the three bears,0,clausie
41,economists - are predicting - pretty much with little sight of the three bears,0,clausie
41,economists - are predicting - pretty much,0,clausie
41,economists - are predicting - pretty much the same for 2018 After a year of relatively healthy global economic growth,0,imojie
41,economists - are predicting - pretty much the same for 2018,0,m2oie
41,LONDON After a year of relatively healthy global economic growth - is - Reuters,0,minie
41,economists - are predicting same for - 2018,0,minie
41,economists - are predicting - pretty much the same After a year of relatively healthy global economic growth for 2018,0,openie6
41,economists - are predicting pretty much the same for - 2018,0,reverb
42,The idea - is - that all is pretty much on track for growth,2,clausie
42,all - is - much pretty,0,clausie
42,all - is - much on track for growth,0,clausie
42,all - is - much,0,clausie
42,track for growth - will be - stronger than in 2017,0,clausie
42,track for growth - will be - stronger,0,clausie
42,all - is - pretty much on track for growth,0,compactie
42,all - will be - stronger than in 2017,0,compactie
42,The idea - is - that all is pretty much on track for growth,2,imojie
42,growth - will be - stronger than in 2017,0,imojie
42,The idea - is - that all is pretty much on track for growth that will be than in,0,m2oie
42,all - is - pretty much on track for growth,0,m2oie
42,track for growth - will be - stronger than in,0,m2oie
42,all - is - much,0,minie
42,all - is much on track for - growth,0,minie
42,growth - be stronger than in - 2017,0,minie
42,growth - be - stronger,0,minie
42,The idea - is - that all is pretty much on track for growth,2,openie6
42,all - is - pretty much on track for growth,0,openie6
42,growth - will be - stronger than in 2017,0,openie6
42,all - is pretty much on - track,0,reverb
42,growth - will be stronger than in - 2017,0,reverb
43,Part of this - may come - from the fact that forecasters generally got it wrong last year underclubbing this year s economic performance particularly for the euro zone,0,clausie
43,Part of this - may come - from the fact that forecasters generally got it wrong last year underclubbing this year s economic performance particularly for Japan,0,clausie
43,Part of this - may come - that forecasters generally got it wrong last year underclubbing this year s economic performance particularly for the euro zone,0,clausie
43,Part of this - may come - that forecasters generally got it wrong last year underclubbing this year s economic performance particularly for Japan,0,clausie
43,forecasters - be underclubbing - this year s economic performance,6,clausie
43,forecasters - got - it wrong last year generally,0,clausie
43,forecasters - got - it wrong last year underclubbing this year s economic performance,0,clausie
43,forecasters - got - it wrong last year particularly,0,clausie
43,forecasters - got - it wrong last year for the euro zone,0,clausie
43,forecasters - got - it wrong last year for Japan,0,clausie
43,forecasters - got - it wrong last year,0,clausie
43,this year - s - economic performance,0,clausie
43,Part of this - may come - from the,0,compactie
43,forecasters - generally got - last year,0,compactie
43,forecasters - underclubbing - this year ’s economic performance,6,compactie
43,Part of this - may come - from the fact that forecasters generally got it wrong last year,0,imojie
43,forecasters - generally got - it wrong last year,0,imojie
43,Part of this - may come - from the fact that forecasters generally got it wrong last,0,m2oie
43,forecasters - generally got - it,0,m2oie
43,it wrong last year - be underclubbing this year 's economic performance particularly for - euro zone,0,minie
43,it wrong last year - be underclubbing this year 's economic performance particularly for - Japan,0,minie
43,this year - has economic performance particularly for - euro zone,0,minie
43,this year - has economic performance particularly for - Japan,0,minie
43,forecasters - generally got - it wrong last year,0,openie6
43,"Part of this - may come - from the fact that forecasters generally got it wrong last year ,",0,openie6
43,"forecasters - generally got it wrong underclubbing - this year 's economic performance , particularly for the euro zone",6,openie6
43,"forecasters - generally got it wrong underclubbing - this year 's economic performance , particularly for Japan",0,openie6
43,Part of this - may come from - the fact,0,reverb
43,forecasters - generally got - it,0,reverb
44,The International Monetary Fund for example - saw - 2017 global growth at 3.4 percent,0,clausie
44,The International Monetary Fund for example - saw - 2017 global growth with advanced economies advancing 1.8 percent,0,clausie
44,The International Monetary Fund for example - saw - 2017 global growth,0,clausie
44,advanced economies - be advancing - 1.8 percent,0,clausie
44,The International Monetary Fund - saw - 2017 global growth at 3.4 percent,1,compactie
44,advanced economies - advancing - 1.8 percent,0,compactie
44,The International Monetary Fund - saw - 2017 global growth at 3.4 percent with advanced economies advancing 1.8 percent,0,imojie
44,The International Monetary for - saw - 2017 global growth 3.4 percent with,0,m2oie
44,advanced economies - advancing - 1.8,0,m2oie
44,International Monetary Fund - saw 2017 global growth for - example,0,minie
44,International Monetary Fund - saw 2017 global growth at - 3.4 percent,1,minie
44,International Monetary Fund - saw - 2017 global growth,0,minie
44,advanced economies - advancing - 1.8 percent,0,minie
44,advanced economies - advancing - 1.8 percent,0,openie6
44,The International Monetary Fund - saw - 2017 global growth at 3.4 percent with advanced economies advancing percent,0,openie6
44,The International Monetary Fund - saw - 2017 global growth,0,reverb
45,It - reckons - them now,0,clausie
45,It - reckons - them at 3.6 percent,0,clausie
45,It - reckons - them at 2.2 percent,0,clausie
45,It - reckons - them,0,clausie
45,It - reckons - them at 3.6 percent,0,compactie
45,It - reckons - them at 2.2 percent,0,compactie
45,It - reckons - them at 3.6 percent and 2.2 percent now,0,imojie
45,It - reckons - them and,0,m2oie
45,It - reckons - them,0,minie
45,It - reckons them at - 3.6 percent,1,minie
45,It - reckons them at - 2.2 percent,2,minie
45,It - reckons - them at 2.2 percent now,0,openie6
45,It - reckons - them at 3.6 percent now,0,openie6
45,It - now reckons - them,0,reverb
46,It - had - the euro zone respectively,0,clausie
46,It - had - Japan growing 1.5 percent respectively,0,clausie
46,It - had - Japan growing 0.6 percent respectively,0,clausie
46,It - had - the euro zone,0,clausie
46,It - had - Japan growing 1.5 percent,0,clausie
46,It - had - Japan growing 0.6 percent,2,clausie
46,Japan - be growing - 1.5 percent,0,clausie
46,Japan - be growing - 0.6 percent,0,clausie
46,It - had - the euro zone,0,compactie
46,the euro zone - growing - 1.5 percent,0,compactie
46,the euro zone - growing - 0.6 percent,0,compactie
46,It - had - Japan,0,compactie
46,Japan - growing - 1.5 percent,0,compactie
46,Japan - growing - 0.6 percent,0,compactie
46,"It - had - the euro zone and Japan growing 1.5 percent and 0.6 percent, respectively",0,imojie
46,"It - had - the euro zone and Japan growing 1.5 percent and 0.6 percent,",0,m2oie
46,the euro zone and Japan - growing - 1.5 percent and 0.6,0,m2oie
46,It - had - euro zone,0,minie
46,Japan - growing - 1.5 percent,0,minie
46,Japan - growing - 0.6 percent,0,minie
46,Japan - growing respectively - 1.5 percent,0,openie6
46,the euro zone - growing respectively - 1.5 percent,0,openie6
46,Japan - growing respectively - 0.6 percent,0,openie6
46,the euro zone - growing respectively - 0.6 percent,0,openie6
46,"It - had - Japan growing 1.5 percent , respectively",0,openie6
46,It - had - the euro zone,0,reverb
47,It - has - them now,0,clausie
47,It - has - them at 2.1 percent,0,clausie
47,It - has - them at 1.5 percent,0,clausie
47,It - has - them,0,clausie
47,It - has - them at 2.1 percent,0,compactie
47,It - has - them at 1.5 percent,0,compactie
47,It - has - them at 2.1 percent and 1.5 percent now,0,imojie
47,It - has - them,0,m2oie
47,It - has - them,0,minie
47,It - has them at - 2.1 percent,1,minie
47,It - has them at - 1.5 percent,2,minie
47,It - has - them at 2.1 percent now,0,openie6
47,It - has - them at 1.5 percent now,0,openie6
47,It - now has - them,0,reverb
48,Faster growth - is reaching - roughly two-thirds of the world s population,0,clausie
48,the IMF - said - Faster growth is reaching roughly two-thirds of the world s population in a December blog post,0,clausie
48,the IMF - said - Faster growth is reaching roughly two-thirds of the world s population,1,clausie
48,“ Faster growth - is reaching - roughly two - thirds of the world ’s population,0,compactie
48,“Faster growth - is reaching - roughly two-thirds of the world’s population,0,imojie
48,the IMF - said - in a December blog post,0,imojie
48,growth - is reaching - roughly two-thirds of the world’s,0,m2oie
48,the IMF - said - in a December blog,0,m2oie
48,Faster growth - is reaching two-thirds of - world 's population,0,minie
48,world - has - population,0,minie
48,IMF - said in - December blog post,0,minie
48,'Faster growth - is reaching - roughly two-thirds of the world 's population,0,openie6
49,This performance - has made - some economists optimistic,0,clausie
49,This performance - has made - some economists optimistic,0,compactie
49,This performance - has made - some economists optimistic,0,imojie
49,This performance - has made - some economists,0,m2oie
49,performance - has made - economists optimistic,0,minie
49,This performance - has made - some economists optimistic,0,openie6
49,This performance - has made - some economists optimistic,0,reverb
50,Nomura - is - among the more bullish,1,clausie
50,Global growth - has - far more self-reinforcing characteristics at present than at any time over the last 20-30 years,0,clausie
50,Global growth - has - far more self-reinforcing characteristics at present,0,clausie
50,Nomura - is - among the more bullish,1,compactie
50,“ Global growth - has - far more self - reinforcing characteristics at present than at any time over the last 20,0,compactie
50,Nomura - is - among the more bullish,1,imojie
50,“Global growth - has - far more self-reinforcing characteristics at present than at any time over the last 20-30 years,0,imojie
50,Nomura - is - among the more,0,m2oie
50,growth - has - far more self-reinforcing characteristics at present than at any time over the last 20-30,0,m2oie
50,Global growth - has more self-reinforcing characteristics at - present than at time over last 20-30 years,0,minie
50,Global growth - has - far more self-reinforcing characteristics at present than at any time over the last 20-30 years,0,openie6
50,Nomura - is - among the more bullish,1,openie6
51,Goldilock s bears - do have - a habit of showing up,1,clausie
51,Goldilock’s bears - do have - a habit of showing up,1,imojie
51,Goldilock’s bears - do have - a habit of showing,0,m2oie
51,Goldilock - has - bears,0,minie
51,Goldilock 's bears - do have habit of - showing up,1,minie
51,Goldilock 's bears - do have - a habit of showing up,1,openie6
51,Goldilock’s bears - do have - a habit,0,reverb
52,huge numbers of potential political - There are - to the status quo,0,clausie
52,huge numbers of economic risks - There are - to the status quo,0,clausie
52,huge numbers of potential political and economic risks to the status quo - There are -,0,imojie
52,huge numbers of potential political risks - There are to - status quo,1,minie
52,huge numbers of potential economic risks - There are to - status quo,2,minie
53,s - go - with just three central banks,0,clausie
53,s - go - with just three trade,0,clausie
53,s - go - with just three bubbles,0,clausie
53,"let’s - go - with just three: central banks, trade, and bubbles",0,imojie
53,s - go with just three as in - fairy tale,0,minie
53,s - go with - just three,0,minie
53,let - 's go - with just three : central banks,0,openie6
53,let - 's go - with just three : trade,0,openie6
53,the let - 's go - with just three : bubbles,0,openie6
53,let’s - go with just - three,0,reverb
54,the danger - will be - a policy mistake,0,compactie
54,the danger - is - that there will be a policy mistake In the first case,0,imojie
54,a policy mistake - squeezing - debtors,0,imojie
54,"the danger - is - that there will be a policy mistake, squeezing",0,m2oie
54,there - will - be a policy squeezing,0,m2oie
54,danger - is that there be policy mistake squeezing debtors In - first case,0,minie
54,danger - is that - there will be policy mistake squeezing debtors,0,minie
54,that there will policy mistake - be squeezing - debtors,0,minie
54,the danger - is - that there will be a policy mistake In the first case,0,openie6
54,a policy mistake - squeezing - debtors,0,openie6
55,The second - relates - to renewed U.S. protectionism,0,clausie
55,The second - anger over - Chinese exports triggering tit-for-tat growth-stifling trade barriers,0,clausie
55,Chinese exports - be triggering - tit-for-tat growth-stifling trade barriers,0,clausie
55,The second - relates - to renewed U.S. protectionism,0,compactie
55,"to renewed U.S. protectionism - triggering - tit - for - tat , growth - stifling trade barriers",5,compactie
55,The second - relates - to anger over Chinese exports,0,compactie
55,The second - triggering - tit - for - tat,0,compactie
55,The second - relates - to renewed U.S. protectionism or anger over Chinese exports,0,imojie
55,"Chinese exports - triggering - tit-for-tat, growth-stifling trade barriers",0,imojie
55,The second - relates - to renewed U.S. protectionism or anger over Chinese exports,0,m2oie
55,"Chinese exports - triggering - tit-for-tat, growth-stifling trade",0,m2oie
55,second - relates to renewed U.S. protectionism over - Chinese exports triggering tit-for-tat growth-stifling trade barriers,0,minie
55,second - relates to - anger,0,minie
55,Chinese exports - be triggering - tit-for-tat growth-stifling trade barriers,0,minie
55,"Chinese exports - triggering - tit-for-tat , growth-stifling trade barriers",0,openie6
55,"renewed U.S. protectionism - triggering - tit-for-tat , growth-stifling trade barriers",5,openie6
55,The second - relates - to renewed U.S. protectionism,0,openie6
55,The second - relates - to anger over Chinese exports,0,openie6
56,The third - is - about sudden market losses,1,clausie
56,sudden market losses - dry up - spending,2,clausie
56,sudden market losses - dry up - demand,3,clausie
56,The third - is - about sudden market losses,1,compactie
56,about sudden market losses - dry - up spending,0,compactie
56,about sudden market losses - dry up - demand,0,compactie
56,The third - is - about sudden market losses,1,imojie
56,sudden market losses - dry up - spending and demand,2,imojie
56,The third - is - about sudden market losses,1,m2oie
56,sudden market losses - dry up - spending and,2,m2oie
56,sudden market losses - dry up - spending,2,minie
56,sudden market losses - dry up - demand,3,minie
56,The third - is - about sudden market losses,1,openie6
56,sudden market losses - dry up - spending,2,openie6
56,sudden market losses - dry up - demand,3,openie6
56,The third - is about - sudden market losses,1,reverb